Item Title,Publication Title,Book Series Title,Journal Volume,Journal Issue,Item DOI,Authors,Publication Year,URL,Content Type
"Evolvability Characterization in the Context of SOA","Advances in Software Engineering","","","","10.1007/978-3-642-17578-7_25","Jose L. Arciniegas H.Juan C. Dueñas L.","2010","http://rd.springer.com/chapter/10.1007/978-3-642-17578-7_25","Chapter"
"Towards a self-adaptive service-oriented methodology based on extended SOMA","Frontiers of Information Technology & Electronic Engineering","","16","1","10.1631/FITEE.1400040","Alireza Parvizi-MosaedShahrouz MoavenJafar HabibiGhazaleh BeigiMahdieh Naser-Shariat","2015","http://rd.springer.com/article/10.1631/FITEE.1400040","Article"
"Service Engineering","Service Research Challenges and Solutions for the Future Internet","","","","10.1007/978-3-642-17599-2_8","Vasilios AndrikopoulosAntonio BucchiaroneElisabetta Di NittoRaman KazhamiakinStephen LaneValentina MazzaIta Richardson","2010","http://rd.springer.com/chapter/10.1007/978-3-642-17599-2_8","Chapter"
"A survey of autonomic computing methods in digital service ecosystems","Service Oriented Computing and Applications","","11","1","10.1007/s11761-016-0203-8","Dhaminda B. AbeywickramaEila Ovaska","2017","http://rd.springer.com/article/10.1007/s11761-016-0203-8","Article"
"Microservice Architecture Within In-House Infrastructures for Enterprise Integration and Measurement: An Experience Report","Innovations for Community Services","","","","10.1007/978-3-319-93408-2_1","Sebastian ApelFlorian HertrampfSteffen Späthe","2018","http://rd.springer.com/chapter/10.1007/978-3-319-93408-2_1","Chapter"
"Real-Time Service-Oriented Architectures: A Data-Centric Implementation for Distributed and Heterogeneous Robotic System","Embedded Systems: Design, Analysis and Verification","","","","10.1007/978-3-642-38853-8_24","Pekka AlhoJouni Mattila","2013","http://rd.springer.com/chapter/10.1007/978-3-642-38853-8_24","Chapter"
"Silverlight and Service-Oriented Architecture","Pro Silverlight for the Enterprise","","","","10.1007/978-1-4302-1868-5_4","","2009","http://rd.springer.com/chapter/10.1007/978-1-4302-1868-5_4","Chapter"
"Service-Oriented Operating System: A Key Element in Improving Service Availability","Service Availability","","","","10.1007/978-3-540-72736-1_4","Nikola MilanovicMiroslaw Malek","2007","http://rd.springer.com/chapter/10.1007/978-3-540-72736-1_4","Chapter"
"KATWARN—A Microservice-Based Architecture for Distributed, Flexible and Robust Warning Systems","Advances and New Trends in Environmental Informatics","","","","10.1007/978-3-319-99654-7_14","Ulrich MeissenStefan PfennigschmidtMarkus HardtDaniel Faust","2018","http://rd.springer.com/chapter/10.1007/978-3-319-99654-7_14","Chapter"
"A survey on quality attributes in service-based systems","Software Quality Journal","","24","2","10.1007/s11219-015-9268-4","David AmellerMatthias GalsterParis AvgeriouXavier Franch","2016","http://rd.springer.com/article/10.1007/s11219-015-9268-4","Article"
"A journey to highly dynamic, self-adaptive service-based applications","Automated Software Engineering","","15","3 - 4","10.1007/s10515-008-0032-x","Elisabetta Di NittoCarlo GhezziAndreas MetzgerMike PapazoglouKlaus Pohl","2008","http://rd.springer.com/article/10.1007/s10515-008-0032-x","Article"
"A Pattern Language for Process Execution and Integration Design in Service-Oriented Architectures","Transactions on Pattern Languages of Programming I","","","","10.1007/978-3-642-10832-7_6","Carsten HentrichUwe Zdun","2009","http://rd.springer.com/chapter/10.1007/978-3-642-10832-7_6","Chapter"
"Service Development Abstraction: A Design Methodology and Development Toolset for Abstractive and Flexible Service-Based Software","Cloud Computing and Services Science","","","","10.1007/978-1-4614-2326-3_9","Per-Olov ÖstbergErik Elmroth","2012","http://rd.springer.com/chapter/10.1007/978-1-4614-2326-3_9","Chapter"
"Detection of SOA Antipatterns","Service-Oriented Computing - ICSOC 2012 Workshops","","","","10.1007/978-3-642-37804-1_43","Francis Palma","2013","http://rd.springer.com/chapter/10.1007/978-3-642-37804-1_43","Chapter"
"Composition and Self-Adaptation of Service-Based Systems with Feature Models","Safe and Secure Software Reuse","","","","10.1007/978-3-642-38977-1_25","Javier CuboNadia GamezLidia FuentesErnesto Pimentel","2013","http://rd.springer.com/chapter/10.1007/978-3-642-38977-1_25","Chapter"
"Service based meta-model for the development of distributed embedded real-time systems","Real-Time Systems","","49","5","10.1007/s11241-013-9179-z","Muhammad Waqar AzizRadziah MohamadDayang N. A. JawawiRosbi Mamat","2013","http://rd.springer.com/article/10.1007/s11241-013-9179-z","Article"
"A taxonomic framework for autonomous service management in Service-Oriented Architecture","Journal of Zhejiang University SCIENCE C","","13","5","10.1631/jzus.C1100359","Du Wan CheunHyun Jung LaSoo Dong Kim","2012","http://rd.springer.com/article/10.1631/jzus.C1100359","Article"
"Guiding Architectural Decision Making on Quality Aspects in Microservice APIs","Service-Oriented Computing","","","","10.1007/978-3-030-03596-9_5","Uwe ZdunMirko StockerOlaf ZimmermannCesare PautassoDaniel Lübke","2018","http://rd.springer.com/chapter/10.1007/978-3-030-03596-9_5","Chapter"
"Towards a framework for the development of adaptable service-based applications","Service Oriented Computing and Applications","","8","3","10.1007/s11761-013-0136-4","Stephen LaneQing GuPatricia LagoIta Richardson","2014","http://rd.springer.com/article/10.1007/s11761-013-0136-4","Article"
"Organizational Constraints to Realizing Business Value from Service Oriented Architectures: An Empirical Study of Financial Service Institutions","Service-Oriented Computing – ICSOC 2008","","","","10.1007/978-3-540-89652-4_21","Haresh LuthriaFethi Rabhi","2008","http://rd.springer.com/chapter/10.1007/978-3-540-89652-4_21","Chapter"
"Service Oriented Architecture for Clinical Decision Support: A Systematic Review and Future Directions","Journal of Medical Systems","","38","12","10.1007/s10916-014-0140-z","Salvador Rodriguez LoyaKensaku KawamotoChris ChatwinVojtech Huser","2014","http://rd.springer.com/article/10.1007/s10916-014-0140-z","Article"
"Modeling enterprise service-oriented architectural styles","Service Oriented Computing and Applications","","4","2","10.1007/s11761-010-0059-2","Longji TangJing DongTu PengWei-Tek Tsai","2010","http://rd.springer.com/article/10.1007/s11761-010-0059-2","Article"
"Service oriented architectures: approaches, technologies and research issues","The VLDB Journal","","16","3","10.1007/s00778-007-0044-3","Mike P. PapazoglouWillem-Jan van den Heuvel","2007","http://rd.springer.com/article/10.1007/s00778-007-0044-3","Article"
"Can Component/Service-Based Systems Be Proved Correct?","SOFSEM 2009: Theory and Practice of Computer Science","","","","10.1007/978-3-540-95891-8_2","Christian Attiogbé","2009","http://rd.springer.com/chapter/10.1007/978-3-540-95891-8_2","Chapter"
"A Frame of Reference for SOA Migration","Towards a Service-Based Internet","","","","10.1007/978-3-642-17694-4_13","Maryam RazavianPatricia Lago","2010","http://rd.springer.com/chapter/10.1007/978-3-642-17694-4_13","Chapter"
"Enhancing the OPEN Process Framework with service-oriented method fragments","Software & Systems Modeling","","13","1","10.1007/s10270-011-0222-z","Mahdi Fahmideh GholamiMohsen SharifiPooyan Jamshidi","2014","http://rd.springer.com/article/10.1007/s10270-011-0222-z","Article"
"Developing Realistic Approaches for the Migration of Legacy Components to Service-Oriented Architecture Environments","Trends in Enterprise Application Architecture","","","","10.1007/978-3-540-75912-6_17","Grace LewisDennis B. Smith","2007","http://rd.springer.com/chapter/10.1007/978-3-540-75912-6_17","Chapter"
"A review and future directions of SOA-based software architecture modeling approaches for System of Systems","Service Oriented Computing and Applications","","12","3 - 4","10.1007/s11761-018-0245-1","Ahmad MohsinNaeem Khalid Janjua","2018","http://rd.springer.com/article/10.1007/s11761-018-0245-1","Article"
"A Web Service-based Solution for E-Learning Resources Annotation and Retrieval – Conceptual Architecture","Innovative Techniques in Instruction Technology, E-learning, E-assessment, and Education","","","","10.1007/978-1-4020-8739-4_57","Mihaela BrutSabin Buraga","2008","http://rd.springer.com/chapter/10.1007/978-1-4020-8739-4_57","Chapter"
"Towards the Next Generation of Service-Based Systems: The S-Cube Research Framework","Advanced Information Systems Engineering","","","","10.1007/978-3-642-02144-2_6","Andreas MetzgerKlaus Pohl","2009","http://rd.springer.com/chapter/10.1007/978-3-642-02144-2_6","Chapter"
"A Certification-Aware Service-Oriented Architecture","Advanced Web Services","","","","10.1007/978-1-4614-7535-4_7","Marco AnisettiClaudio A. ArdagnaMichele BezziErnesto DamianiSamuel Paul KaluvuriAntonino Sabetta","2014","http://rd.springer.com/chapter/10.1007/978-1-4614-7535-4_7","Chapter"
"The impact of feature selection on maintainability prediction of service-oriented applications","Service Oriented Computing and Applications","","11","2","10.1007/s11761-016-0202-9","Lov KumarAneesh KrishnaSantanu Ku. Rath","2017","http://rd.springer.com/article/10.1007/s11761-016-0202-9","Article"
"Service-Oriented Approach for Agile Support of Product Design Processes","On the Move to Meaningful Internet Systems: OTM 2012 Workshops","","","","10.1007/978-3-642-33618-8_18","Safa HachaniHervé VerjusLilia Gzara","2012","http://rd.springer.com/chapter/10.1007/978-3-642-33618-8_18","Chapter"
"Web API and μService","Practical Scala DSLs","","","","10.1007/978-1-4842-3036-7_5","Pierluigi Riti","2018","http://rd.springer.com/chapter/10.1007/978-1-4842-3036-7_5","Chapter"
"Microservices tenets","Computer Science - Research and Development","","32","3 - 4","10.1007/s00450-016-0337-0","Olaf Zimmermann","2017","http://rd.springer.com/article/10.1007/s00450-016-0337-0","Article"
"Guiding the selection of service-oriented software engineering methodologies","Service Oriented Computing and Applications","","5","4","10.1007/s11761-011-0080-0","Qing GuPatricia Lago","2011","http://rd.springer.com/article/10.1007/s11761-011-0080-0","Article"
"Microservices: Yesterday, Today, and Tomorrow","Present and Ulterior Software Engineering","","","","10.1007/978-3-319-67425-4_12","Nicola DragoniSaverio GiallorenzoAlberto Lluch LafuenteManuel MazzaraFabrizio MontesiRuslan MustafinLarisa Safina","2017","http://rd.springer.com/chapter/10.1007/978-3-319-67425-4_12","Chapter"
"Service-Oriented Architecture","Business Process Technology","","","","10.1007/978-3-642-01588-5_8","Dr. Dirk Draheim","2010","http://rd.springer.com/chapter/10.1007/978-3-642-01588-5_8","Chapter"
"Quality-Driven Business Policy Specification and Refinement for Service-Oriented Systems","Service-Oriented Computing – ICSOC 2008","","","","10.1007/978-3-540-89652-4_5","Tan PhanJun HanJean-Guy SchneiderKirk Wilson","2008","http://rd.springer.com/chapter/10.1007/978-3-540-89652-4_5","Chapter"
"The Role of Quality Attributes in Service-Based Systems Architecting: A Survey","Software Architecture","","","","10.1007/978-3-642-39031-9_18","David AmellerMatthias GalsterParis AvgeriouXavier Franch","2013","http://rd.springer.com/chapter/10.1007/978-3-642-39031-9_18","Chapter"
"A survey of change management in service-based environments","Service Oriented Computing and Applications","","7","4","10.1007/s11761-013-0128-4","Yi WangYing Wang","2013","http://rd.springer.com/article/10.1007/s11761-013-0128-4","Article"
"Software Security in the Model for Service Oriented Architecture Quality","Parallel Processing and Applied Mathematics","","","","10.1007/978-3-642-14390-8_24","Grzegorz KolaczekAdam Wasilewski","2010","http://rd.springer.com/chapter/10.1007/978-3-642-14390-8_24","Chapter"
"Evaluation of Microservice Architectures: A Metric and Tool-Based Approach","Information Systems in the Big Data Era","","","","10.1007/978-3-319-92901-9_8","Thomas EngelMelanie LangermeierBernhard BauerAlexander Hofmann","2018","http://rd.springer.com/chapter/10.1007/978-3-319-92901-9_8","Chapter"
"Domain-Specific Languages for Service-Oriented Architectures: An Explorative Study","Towards a Service-Based Internet","","","","10.1007/978-3-540-89897-9_14","Ernst OberortnerUwe ZdunSchahram Dustdar","2008","http://rd.springer.com/chapter/10.1007/978-3-540-89897-9_14","Chapter"
"Automating Component Selection and Building Flexible Composites for Service-Based Applications","Evaluation of Novel Approaches to Software Engineering","","","","10.1007/978-3-642-14819-4_7","Jacky EstublierIdrissa A. DiengEric Simon","2010","http://rd.springer.com/chapter/10.1007/978-3-642-14819-4_7","Chapter"
"Flexibility and Interoperability in Automation Systems by Means of Service Oriented Architecture","Advanced Intelligent Computing Theories and Applications. With Aspects of Artificial Intelligence","","","","10.1007/978-3-642-14932-0_69","Vu Van TanMyeong-Jae Yi","2010","http://rd.springer.com/chapter/10.1007/978-3-642-14932-0_69","Chapter"
"Extracting Data from WSNs: A Service-Oriented Approach","Methodologies and Technologies for Networked Enterprises","","","","10.1007/978-3-642-31739-2_17","Gaetano F. AnastasiEnrico BiniGiuseppe Lipari","2012","http://rd.springer.com/chapter/10.1007/978-3-642-31739-2_17","Chapter"
"A Unified Conceptual Framework for Service-Oriented Computing","Transactions on Large-Scale Data- and Knowledge-Centered Systems VII","","","","10.1007/978-3-642-35332-1_5","Colin AtkinsonPhilipp BostanDirk Draheim","2012","http://rd.springer.com/chapter/10.1007/978-3-642-35332-1_5","Chapter"
"Using an Architecture-Centric Model-Driven Approach for Developing Service-Oriented Solutions: A Case Study","On the Move to Meaningful Internet Systems: OTM 2009 Workshops","","","","10.1007/978-3-642-05290-3_47","Marcos López-SanzCésar J. AcuñaValeria de CastroEsperanza MarcosCarlos E. Cuesta","2009","http://rd.springer.com/chapter/10.1007/978-3-642-05290-3_47","Chapter"
"Understanding Service-Oriented Architectures in the Classroom: From Web Services to Grid Services","Information Systems Development","","","","10.1007/b137171_87","D. PetcuV. Iordan","2010","http://rd.springer.com/chapter/10.1007/b137171_87","Chapter"
"Author Identification of Email Forensic in Service Oriented Architecture","Advances in Networks and Communications","","","","10.1007/978-3-642-17878-8_51","Pushpendra Kumar PateriyaShivani MishraShefalika Ghosh Samaddar","2011","http://rd.springer.com/chapter/10.1007/978-3-642-17878-8_51","Chapter"
"Exploring service-oriented system engineering challenges: a systematic literature review","Service Oriented Computing and Applications","","3","3","10.1007/s11761-009-0046-7","Qing GuPatricia Lago","2009","http://rd.springer.com/article/10.1007/s11761-009-0046-7","Article"
"Runtime Evolution of Service-Based Multi-tenant SaaS Applications","Service-Oriented Computing","","","","10.1007/978-3-642-45005-1_14","Indika KumaraJun HanAlan ColmanMalinda Kapuruge","2013","http://rd.springer.com/chapter/10.1007/978-3-642-45005-1_14","Chapter"
"Service Oriented Architecture Adoption Trends: A Critical Survey","Contemporary Computing","","","","10.1007/978-3-642-32129-0_21","Ashish SethAshim Raj SinglaHimanshu Aggarwal","2012","http://rd.springer.com/chapter/10.1007/978-3-642-32129-0_21","Chapter"
"Specification and Detection of SOA Antipatterns in Web Services","Software Architecture","","","","10.1007/978-3-319-09970-5_6","Francis PalmaNaouel MohaGuy TremblayYann-Gaël Guéhéneuc","2014","http://rd.springer.com/chapter/10.1007/978-3-319-09970-5_6","Chapter"
"Towards a Taxonomy Framework of Evolution for SOA Solution: From a Practical Point of View","Web Information Systems Engineering – WISE 2011 and 2012 Workshops","","","","10.1007/978-3-642-38333-5_28","Zaiwen FengPatrick C. K. HungKeqing HeYutao MaMatthias FarwickBing LiRong Peng","2013","http://rd.springer.com/chapter/10.1007/978-3-642-38333-5_28","Chapter"
"Ensuring and Assessing Architecture Conformance to Microservice Decomposition Patterns","Service-Oriented Computing","","","","10.1007/978-3-319-69035-3_29","Uwe ZdunElena NavarroFrank Leymann","2017","http://rd.springer.com/chapter/10.1007/978-3-319-69035-3_29","Chapter"
"Methodologies for Design of Service-Based Systems","Intentional Perspectives on Information Systems Engineering","","","","10.1007/978-3-642-12544-7_17","Barbara Pernici","2010","http://rd.springer.com/chapter/10.1007/978-3-642-12544-7_17","Chapter"
"Anatomy of one service-oriented architecture implementation and reasons behind low service reuse","Service Oriented Computing and Applications","","10","2","10.1007/s11761-015-0181-2","Ville AlkkiomäkiKari Smolander","2016","http://rd.springer.com/article/10.1007/s11761-015-0181-2","Article"
"Introduction to Semantically Enabled Service-oriented Architectures","Implementing Semantic Web Services","","","","10.1007/978-3-540-77020-6_4","","2008","http://rd.springer.com/chapter/10.1007/978-3-540-77020-6_4","Chapter"
"Designing Service-Based Resource Management Tools for a Healthy Grid Ecosystem","Parallel Processing and Applied Mathematics","","","","10.1007/978-3-540-68111-3_28","Erik ElmrothFrancisco HernándezJohan TordssonPer-Olov Östberg","2008","http://rd.springer.com/chapter/10.1007/978-3-540-68111-3_28","Chapter"
"Measuring the Quality of Service Oriented Design","Service-Oriented Computing","","","","10.1007/978-3-642-10383-4_36","Renuka SindhgattaBikram SenguptaKarthikeyan Ponnalagu","2009","http://rd.springer.com/chapter/10.1007/978-3-642-10383-4_36","Chapter"
"Towards Quality-Driven SOA Systems Refactoring Through Planning","E-Technologies","","","","10.1007/978-3-319-17957-5_18","Mathieu NayrollesEric BeaudryNaouel MohaPetko ValtchevAbdelwahab Hamou-Lhadj","2015","http://rd.springer.com/chapter/10.1007/978-3-319-17957-5_18","Chapter"
"Improving Security of Oil Pipeline SCADA Systems Using Service-Oriented Architectures","On the Move to Meaningful Internet Systems: OTM 2008 Workshops","","","","10.1007/978-3-540-88875-8_56","Nary Subramanian","2008","http://rd.springer.com/chapter/10.1007/978-3-540-88875-8_56","Chapter"
"A Service Oriented Modeling and Analysis for Building Intrusion Detection Systems","Global Trends in Computing and Communication Systems","","","","10.1007/978-3-642-29219-4_75","Rama Rao K.V.S.N.Manas Ranjan Patra","2012","http://rd.springer.com/chapter/10.1007/978-3-642-29219-4_75","Chapter"
"Comparing Architectural Styles for Service-Oriented Architectures – a REST vs. SOAP Case Study","Information Systems Development","","","","10.1007/b137171_22","Jörg BeckerMartin MatznerOliver Müller","2010","http://rd.springer.com/chapter/10.1007/b137171_22","Chapter"
"Change impact analysis in service-based business processes","Service Oriented Computing and Applications","","6","2","10.1007/s11761-011-0093-8","Yi WangJian YangWeiliang ZhaoJianwen Su","2012","http://rd.springer.com/article/10.1007/s11761-011-0093-8","Article"
"Towards Interdisciplinary Approach to SOA Implementations","Evaluation of Novel Approaches to Software Engineering","","","","10.1007/978-3-642-32341-6_13","Zheng LiHe ZhangLiam O’Brien","2013","http://rd.springer.com/chapter/10.1007/978-3-642-32341-6_13","Chapter"
"Microservices: The What and the Why","Microservices From Day One","","","","10.1007/978-1-4842-1937-9_1","Cloves Carneiro Jr.Tim Schmelmer","2016","http://rd.springer.com/chapter/10.1007/978-1-4842-1937-9_1","Chapter"
"Architecture Means (WITH WHAT)","Software Architecture","","","","10.1007/978-3-642-19736-9_6","Oliver VogelIngo ArnoldArif ChughtaiTimo Kehrer","2011","http://rd.springer.com/chapter/10.1007/978-3-642-19736-9_6","Chapter"
"MINERVA: Model drIveN and sErvice oRiented Framework for the Continuous Business Process improVement and relAted Tools","Service-Oriented Computing. ICSOC/ServiceWave 2009 Workshops","","","","10.1007/978-3-642-16132-2_43","Andrea DelgadoFrancisco RuizIgnacio García-Rodríguez de GuzmánMario Piattini","2010","http://rd.springer.com/chapter/10.1007/978-3-642-16132-2_43","Chapter"
"Empowering End-Users to Develop Service-Based Applications","End-User Development","","","","10.1007/978-3-642-21530-8_53","Nikolay MehandjievAntonella De AngeliUsman WajidAbdallah NamounAlberto Battocchi","2011","http://rd.springer.com/chapter/10.1007/978-3-642-21530-8_53","Chapter"
"UML Profile for the Platform Independent Modelling of Service-Oriented Architectures","Software Architecture","","","","10.1007/978-3-540-75132-8_30","Marcos López-SanzCésar J. AcuñaCarlos E. CuestaEsperanza Marcos","2007","http://rd.springer.com/chapter/10.1007/978-3-540-75132-8_30","Chapter"
"Adaptation of Service-Based Systems","Service Research Challenges and Solutions for the Future Internet","","","","10.1007/978-3-642-17599-2_5","Raman KazhamiakinSalima BenbernouLuciano BaresiPierluigi PlebaniMaike UhligOlivier Barais","2010","http://rd.springer.com/chapter/10.1007/978-3-642-17599-2_5","Chapter"
"Towards a Process to Design Architectures of Service-Oriented Robotic Systems","Software Architecture","","","","10.1007/978-3-319-09970-5_20","Lucas Bueno Ruas OliveiraElena LerouxKatia Romero FelizardoFlavio OquendoElisa Yumi Nakagawa","2014","http://rd.springer.com/chapter/10.1007/978-3-319-09970-5_20","Chapter"
"Analytical Quality Assurance","Service Research Challenges and Solutions for the Future Internet","","","","10.1007/978-3-642-17599-2_7","Andreas MetzgerSalima BenbernouManuel CarroMaha DrissGabor KecskemetiRaman KazhamiakinKyriakos KrytikosAndrea MocciElisabetta Di NittoBranimir WetzsteinFabrizio Silvestri","2010","http://rd.springer.com/chapter/10.1007/978-3-642-17599-2_7","Chapter"
"Levering object-oriented knowledge for service-oriented proficiency","Computing","","95","9","10.1007/s00607-013-0304-6","Gary StubbingsSimon Polovina","2013","http://rd.springer.com/article/10.1007/s00607-013-0304-6","Article"
"Model-Driven Development of Adaptive Service-Based Systems with Aspects and Rules","Web Information Systems Engineering – WISE 2010","","","","10.1007/978-3-642-17616-6_48","Jian YuQuan Z. ShengJoshua K. Y. Swee","2010","http://rd.springer.com/chapter/10.1007/978-3-642-17616-6_48","Chapter"
"Specification and Detection of SOA Antipatterns","Service-Oriented Computing","","","","10.1007/978-3-642-34321-6_1","Naouel MohaFrancis PalmaMathieu NayrollesBenjamin Joyen ConseilYann-Gaël GuéhéneucBenoit BaudryJean-Marc Jézéquel","2012","http://rd.springer.com/chapter/10.1007/978-3-642-34321-6_1","Chapter"
"Service-Oriented Architecture (SOA) as a Technical Framework for Web-Based Support Systems (WSS)","Web-based Support Systems","","","","10.1007/978-1-84882-628-1_19","Vishav Vir Singh","2010","http://rd.springer.com/chapter/10.1007/978-1-84882-628-1_19","Chapter"
"Model-based service-oriented architectures for Internetworked Enterprises","Evolving Towards the Internetworked Enterprise","","","","10.1007/978-1-4419-7279-8_4","Devis BianchiniMarco BrambillaAlessandro CampiCinzia CappielloStefano CeriMarco ComuzziValeria De AntonellisBarbara PerniciPierluigi Plebani","2010","http://rd.springer.com/chapter/10.1007/978-1-4419-7279-8_4","Chapter"
"Towards a Conceptual Framework for Legacy to SOA Migration","Service-Oriented Computing. ICSOC/ServiceWave 2009 Workshops","","","","10.1007/978-3-642-16132-2_42","Maryam RazavianPatricia Lago","2010","http://rd.springer.com/chapter/10.1007/978-3-642-16132-2_42","Chapter"
"Goal Oriented Variability Modeling in Service-Based Business Processes","Service-Oriented Computing","","","","10.1007/978-3-642-45005-1_39","Karthikeyan PonnalaguNanjangud C. NarendraAditya GhoseNeeraj ChikteySrikanth Tamilselvam","2013","http://rd.springer.com/chapter/10.1007/978-3-642-45005-1_39","Chapter"
"Soda: A Tool Support for the Detection of SOA Antipatterns","Service-Oriented Computing - ICSOC 2012 Workshops","","","","10.1007/978-3-642-37804-1_51","Mathieu NayrollesFrancis PalmaNaouel MohaYann-Gaël Guéhéneuc","2013","http://rd.springer.com/chapter/10.1007/978-3-642-37804-1_51","Chapter"
"Introduction to Service Oriented Architecture","Web Service Implementation and Composition Techniques","","","","10.1007/978-3-319-55542-3_1","Hye-young PaikAngel Lagares LemosMoshe Chai BarukhBoualem BenatallahAarthi Natarajan","2017","http://rd.springer.com/chapter/10.1007/978-3-319-55542-3_1","Chapter"
"Classification of Software Quality Attributes for Service Oriented Architecture","High Performance Architecture and Grid Computing","","","","10.1007/978-3-642-22577-2_6","Satish KumarNeeta SinghAnuj Kumar","2011","http://rd.springer.com/chapter/10.1007/978-3-642-22577-2_6","Chapter"
"Adaptation Goals for Adaptive Service-Oriented Architectures","Relating Software Requirements and Architectures","","","","10.1007/978-3-642-21001-3_10","Luciano BaresiLiliana Pasquale","2011","http://rd.springer.com/chapter/10.1007/978-3-642-21001-3_10","Chapter"
"Automating identification of services and their variability for product lines using NSGA-II","Frontiers of Computer Science","","11","3","10.1007/s11704-016-5121-6","Sedigheh KhoshnevisFereidoon Shams","2017","http://rd.springer.com/article/10.1007/s11704-016-5121-6","Article"
"A Service-Oriented Reference Architecture for Software Testing Tools","Software Architecture","","","","10.1007/978-3-642-23798-0_42","Lucas Bueno Ruas OliveiraElisa Yumi Nakagawa","2011","http://rd.springer.com/chapter/10.1007/978-3-642-23798-0_42","Chapter"
"Detection of SOA Patterns","Service-Oriented Computing","","","","10.1007/978-3-642-45005-1_9","Anthony DemangeNaouel MohaGuy Tremblay","2013","http://rd.springer.com/chapter/10.1007/978-3-642-45005-1_9","Chapter"
"A human-centric runtime framework for mixed service-oriented systems","Distributed and Parallel Databases","","29","5 - 6","10.1007/s10619-011-7081-z","Daniel Schall","2011","http://rd.springer.com/article/10.1007/s10619-011-7081-z","Article"
"Service Retrieval for Service-Oriented Business Process Modeling","Evaluation of Novel Approaches to Software Engineering","","","","10.1007/978-3-642-54092-9_11","Youcef BaghdadiRicardo Pérez-Castillo","2013","http://rd.springer.com/chapter/10.1007/978-3-642-54092-9_11","Chapter"
"A Literature Review on Service Identification Challenges in Service Oriented Architecture","Knowledge Management in Organizations","","","","10.1007/978-3-319-95204-8_18","Basel Bani-IsmailYoucef Baghdadi","2018","http://rd.springer.com/chapter/10.1007/978-3-319-95204-8_18","Chapter"
"Service-Oriented Database Architecture","Pro SQL Server 2008 Service Broker","","","","10.1007/978-1-4302-0865-5_9","","2008","http://rd.springer.com/chapter/10.1007/978-1-4302-0865-5_9","Chapter"
"Service-Oriented Database Architecture","Pro SQL Server 2005 Service Broker","","","","10.1007/978-1-4302-0306-3_9","","2007","http://rd.springer.com/chapter/10.1007/978-1-4302-0306-3_9","Chapter"
"A Graph Grammar-Based Dynamic Reconfiguration for Virtualized Web Service-Based Composite Architectures","Business System Management and Engineering","","","","10.1007/978-3-642-32439-0_11","Ismael Bouassida RodriguezRiadh Ben HalimaKhalil DriraChristophe ChassotMohamed Jmaiel","2012","http://rd.springer.com/chapter/10.1007/978-3-642-32439-0_11","Chapter"
"Security modeling for service-oriented systems using security pattern refinement approach","Software & Systems Modeling","","13","2","10.1007/s10270-012-0268-6","Mukhtiar MemonGordhan D. MenghwarMansoor H. DeparAkhtar A. JalbaniWaqar M. Mashwani","2014","http://rd.springer.com/article/10.1007/s10270-012-0268-6","Article"
"A Service-Oriented Architecture Design of Decision-Aware Information Systems: Decision as a Service","On the Move to Meaningful Internet Systems. OTM 2017 Conferences","","","","10.1007/978-3-319-69462-7_23","Faruk HasićJohannes De SmedtJan Vanthienen","2017","http://rd.springer.com/chapter/10.1007/978-3-319-69462-7_23","Chapter"
"Model-driven software migration into service-oriented architectures","Computer Science - Research and Development","","28","1","10.1007/s00450-011-0183-z","Andreas FuhrTassilo HornVolker RiedigerAndreas Winter","2013","http://rd.springer.com/article/10.1007/s00450-011-0183-z","Article"
"Agent Service-Oriented Architectural Design","Metasynthetic Computing and Engineering of Complex Systems","","","","10.1007/978-1-4471-6551-4_10","Longbing Cao","2015","http://rd.springer.com/chapter/10.1007/978-1-4471-6551-4_10","Chapter"
"Integrating Perfective and Corrective Adaptation of Service-based Applications","Service Engineering","","","","10.1007/978-3-7091-0415-6_6","Andreas GehlertAndreas MetzgerDimka KarastoyanovaRaman KazhamiakinKlaus PohlFrank LeymannMarco Pistore","2011","http://rd.springer.com/chapter/10.1007/978-3-7091-0415-6_6","Chapter"
"DAMASCo: A Framework for the Automatic Composition of Component-Based and Service-Oriented Architectures","Software Architecture","","","","10.1007/978-3-642-23798-0_41","Javier CuboErnesto Pimentel","2011","http://rd.springer.com/chapter/10.1007/978-3-642-23798-0_41","Chapter"
"Variability in Web Services","Systems and Software Variability Management","","","","10.1007/978-3-642-36583-6_18","Matthias GalsterParis Avgeriou","2013","http://rd.springer.com/chapter/10.1007/978-3-642-36583-6_18","Chapter"
"Feature-Based Variability Meta-modeling for Service-Oriented Product Lines","Models in Software Engineering","","","","10.1007/978-3-642-29645-1_9","Mohammad Abu-MatarHassan Gomaa","2012","http://rd.springer.com/chapter/10.1007/978-3-642-29645-1_9","Chapter"
"Qbox-Services: Towards a Service-Oriented Quality Platform","Advances in Conceptual Modeling - Challenging Perspectives","","","","10.1007/978-3-642-04947-7_28","Laura GonzálezVerónika PeraltaMokrane BouzeghoubRaúl Ruggia","2009","http://rd.springer.com/chapter/10.1007/978-3-642-04947-7_28","Chapter"
"A Platform for the Automated Provisioning of Architecture Information for Large-Scale Service-Oriented Software Systems","Software Architecture","","","","10.1007/978-3-030-00761-4_14","Georg BuchgeherRainer WeinreichHeinz Huber","2018","http://rd.springer.com/chapter/10.1007/978-3-030-00761-4_14","Chapter"
"Advanced Security Service cERTificate for SOA: Certified Services go Digital","ISSE 2010 Securing Electronic Business Processes","","","","10.1007/978-3-8348-9788-6_15","J-C. PazzagliaV. LotzV. Campos CerdaE. DamianiC. ArdagnaS. GürgensA. MañaC. PandolfoG. SpanoudakisF. GuidaR. Menicocci","2011","http://rd.springer.com/chapter/10.1007/978-3-8348-9788-6_15","Chapter"
"Accurate Proactive Adaptation of Service-Oriented Systems","Assurances for Self-Adaptive Systems","","","","10.1007/978-3-642-36249-1_9","Andreas MetzgerOsama SammodiKlaus Pohl","2013","http://rd.springer.com/chapter/10.1007/978-3-642-36249-1_9","Chapter"
"Engineering High Performance Service-Oriented Pipeline Applications with MeDICi","Service-Oriented Computing","","","","10.1007/978-3-642-19394-1_10","Ian GortonAdam WynneYan Liu","2011","http://rd.springer.com/chapter/10.1007/978-3-642-19394-1_10","Chapter"
"A Conceptual Framework for the Governance of Service-Oriented Architectures","Service-Oriented Computing – ICSOC 2008 Workshops","","","","10.1007/978-3-642-01247-1_34","Jan BernhardtDetlef Seese","2009","http://rd.springer.com/chapter/10.1007/978-3-642-01247-1_34","Chapter"
"A Service-Oriented Software Development Methodology for Outsourced Working Force","Computational Science and Its Applications – ICCSA 2013","","","","10.1007/978-3-642-39643-4_40","Ricardo PuttiniAndre ToffanelloArmando VidigalJanaina ArealGabriela AlvesR. ChaimClaynor Mazzarolo","2013","http://rd.springer.com/chapter/10.1007/978-3-642-39643-4_40","Chapter"
"Service-Oriented Agents for Collaborative Industrial Automation and Production Systems","Holonic and Multi-Agent Systems for Manufacturing","","","","10.1007/978-3-642-03668-2_2","J. Marco MendesPaulo LeitãoFrancisco RestivoArmando W. Colombo","2009","http://rd.springer.com/chapter/10.1007/978-3-642-03668-2_2","Chapter"
"Evolving Security Requirements in Multi-layered Service-Oriented-Architectures","Data Privacy Management and Autonomous Spontaneus Security","","","","10.1007/978-3-642-28879-1_13","Muhammad Sabir IdreesGabriel SermeYves RoudierAnderson Santana De OliveiraHerve GrallMario Südholt","2012","http://rd.springer.com/chapter/10.1007/978-3-642-28879-1_13","Chapter"
"Introduction to the Fifth Workshop on Non-Functional Properties and Service Level Agreements Management in Service-Oriented Computing (NFPSLAM-SOC 2011)","Service-Oriented Computing - ICSOC 2011 Workshops","","","","10.1007/978-3-642-31875-7_11","Flavio De PaoliIoan TomaCarlos PedrinaciMarcel Tilly","2012","http://rd.springer.com/chapter/10.1007/978-3-642-31875-7_11","Chapter"
"First Class Connectors for Prototyping Service Oriented Architectures","Software Architecture","","","","10.1007/978-3-540-75132-8_14","Kristian Ellebæk Kjær","2007","http://rd.springer.com/chapter/10.1007/978-3-540-75132-8_14","Chapter"
"A Flexible Architecture for Enforcing and Composing Policies in a Service-Oriented Environment","Distributed Applications and Interoperable Systems","","","","10.1007/978-3-540-72883-2_19","Tom GoovaertsBart De WinWouter Joosen","2007","http://rd.springer.com/chapter/10.1007/978-3-540-72883-2_19","Chapter"
"Seamless Context Adaptation on a Service-Oriented Framework","Mobile Wireless Middleware, Operating Systems, and Applications","","","","10.1007/978-3-642-36660-4_15","Dana PopoviciMikael DesertotSylvain Lecomte","2013","http://rd.springer.com/chapter/10.1007/978-3-642-36660-4_15","Chapter"
"Replacement Policies for Service-Based Systems","Service-Oriented Computing. ICSOC/ServiceWave 2009 Workshops","","","","10.1007/978-3-642-16132-2_33","Khaled MahbubAndrea Zisman","2010","http://rd.springer.com/chapter/10.1007/978-3-642-16132-2_33","Chapter"
"A Semantic Versioning Service Based on Formal Certification","Software Technologies","","","","10.1007/978-3-319-30142-6_3","Jean-Yves Vion-DuryNikolaos Lagos","2016","http://rd.springer.com/chapter/10.1007/978-3-319-30142-6_3","Chapter"
"A Problem Frame-Based Approach to Evolvability: The Case of the Multi-translation","Foundations of Computer Software. Modeling, Development, and Verification of Adaptive Systems","","","","10.1007/978-3-642-21292-5_9","Gianna ReggioEgidio AstesianoFilippo RiccaMaurizio Leotta","2011","http://rd.springer.com/chapter/10.1007/978-3-642-21292-5_9","Chapter"
"Service Oriented Collaborative Network Architecture","Collaboration in a Data-Rich World","","","","10.1007/978-3-319-65151-4_35","Mahdi SargolzaeiHamideh Afsarmanesh","2017","http://rd.springer.com/chapter/10.1007/978-3-319-65151-4_35","Chapter"
"Opening web applications for third-party development: a service-oriented solution","Service Oriented Computing and Applications","","10","4","10.1007/s11761-016-0192-7","Mohamed Lamine KerdoudiChouki TibermacineSalah Sadou","2016","http://rd.springer.com/article/10.1007/s11761-016-0192-7","Article"
"MOSES: A Platform for Experimenting with QoS-Driven Self-Adaptation Policies for Service Oriented Systems","Software Engineering for Self-Adaptive Systems III. Assurances","","","","10.1007/978-3-319-74183-3_14","Valeria CardelliniEmiliano CasalicchioVincenzo GrassiStefano IannucciFrancesco Lo PrestiRaffaela Mirandola","2017","http://rd.springer.com/chapter/10.1007/978-3-319-74183-3_14","Chapter"
"Non-functional properties in the model-driven development of service-oriented systems","Software & Systems Modeling","","10","3","10.1007/s10270-010-0155-y","Stephen GilmoreLászló GönczyNora KochPhilip MayerMirco TribastoneDániel Varró","2011","http://rd.springer.com/article/10.1007/s10270-010-0155-y","Article"
"Achieving Dependability in Service-Oriented Systems","Dependable and Historic Computing","","","","10.1007/978-3-642-24541-1_37","Jie Xu","2011","http://rd.springer.com/chapter/10.1007/978-3-642-24541-1_37","Chapter"
"Change management of service-based business processes","Service Oriented Computing and Applications","","","","10.1007/s11761-018-0250-4","Pengbo XiuJian YangWeiliang Zhao","2018","http://rd.springer.com/article/10.1007/s11761-018-0250-4","Article"
"Semantics for Service-Oriented Architectures","Agent-Based Service-Oriented Computing","","","","10.1007/978-1-84996-041-0_5","Michael StollbergDieter Fensel","2010","http://rd.springer.com/chapter/10.1007/978-1-84996-041-0_5","Chapter"
"A Semantically Enabled Service Oriented Architecture","Web Intelligence Meets Brain Informatics","","","","10.1007/978-3-540-77028-2_22","Darko AnicicMichael BrodieJos de BruijnDieter FenselThomas HaselwanterMartin HeppStijn HeymansJörg HoffmannMick KerriganJacek KopeckyReto KrummenacherHolger LausenAdrian MocanJames SciclunaIoan TomaMichal Zaremba","2007","http://rd.springer.com/chapter/10.1007/978-3-540-77028-2_22","Chapter"
"Inter-Organizational Information System Architecture: A Service-Oriented Approach","Collaborative Networks for a Sustainable World","","","","10.1007/978-3-642-15961-9_77","Mohammad Kazem HakiMaia Wentland Forte","2010","http://rd.springer.com/chapter/10.1007/978-3-642-15961-9_77","Chapter"
"A Service Oriented Framework for Mobile Business Virtual Communities","Pervasive Collaborative Networks","","","","10.1007/978-0-387-84837-2_51","Julien SubercazePierre MaretJacques CalmetPravin Pawar","2008","http://rd.springer.com/chapter/10.1007/978-0-387-84837-2_51","Chapter"
"Analysis of Service Oriented Software Systems with the Conversation Calculus","Formal Aspects of Component Software","","","","10.1007/978-3-642-27269-1_2","Luís CairesHugo Torres Vieira","2012","http://rd.springer.com/chapter/10.1007/978-3-642-27269-1_2","Chapter"
"Revisiting Service-Oriented Architecture for the IoT: A Middleware Perspective","Service-Oriented Computing","","","","10.1007/978-3-319-46295-0_1","Valérie IssarnyGeorgios BouloukakisNikolaos GeorgantasBenjamin Billet","2016","http://rd.springer.com/chapter/10.1007/978-3-319-46295-0_1","Chapter"
"Monitoring and Analyzing Service-Based Internet Systems through a Model-Aware Service Environment","Advanced Information Systems Engineering","","","","10.1007/978-3-642-13094-6_9","Ta’id HolmesUwe ZdunFlorian DanielSchahram Dustdar","2010","http://rd.springer.com/chapter/10.1007/978-3-642-13094-6_9","Chapter"
"Design for Adaptation of Service-Based Applications: Main Issues and Requirements","Service-Oriented Computing. ICSOC/ServiceWave 2009 Workshops","","","","10.1007/978-3-642-16132-2_44","Antonio BucchiaroneCinzia CappielloElisabetta Di NittoRaman KazhamiakinValentina MazzaMarco Pistore","2010","http://rd.springer.com/chapter/10.1007/978-3-642-16132-2_44","Chapter"
"Design for Adaptation of Distributed Service-Based Systems","Service-Oriented Computing","","","","10.1007/978-3-662-48616-0_27","Antonio BucchiaroneMartina De SanctisAnnapaola MarconiMarco PistorePaolo Traverso","2015","http://rd.springer.com/chapter/10.1007/978-3-662-48616-0_27","Chapter"
"An Adaptive Design Pattern for Genetic Algorithm-Based Composition of Web Services in Autonomic Computing Systems Using SOA","Advances in Grid and Pervasive Computing","","","","10.1007/978-3-642-30767-6_9","Vishnuvardhan MannavaT. Ramesh","2012","http://rd.springer.com/chapter/10.1007/978-3-642-30767-6_9","Chapter"
"MICROLYZE: A Framework for Recovering the Software Architecture in Microservice-Based Environments","Information Systems in the Big Data Era","","","","10.1007/978-3-319-92901-9_14","Martin KleehausÖmer UludağPatrick SchäferFlorian Matthes","2018","http://rd.springer.com/chapter/10.1007/978-3-319-92901-9_14","Chapter"
"Service-Oriented University: Infrastructure for the University of Tomorrow","Intelligent Interactive Assistance and Mobile Multimedia Computing","","","","10.1007/978-3-642-10263-9_7","Raphael ZenderDjamshid Tavangarian","2009","http://rd.springer.com/chapter/10.1007/978-3-642-10263-9_7","Chapter"
"Service-Oriented Enterprise: Taking the Next Step beyond Agility in the Digital Economy","Digital Enterprise and Information Systems","","","","10.1007/978-3-642-22603-8_36","Marinela Mircea","2011","http://rd.springer.com/chapter/10.1007/978-3-642-22603-8_36","Chapter"
"Service-oriented middleware for the Future Internet: state of the art and research directions","Journal of Internet Services and Applications","","2","1","10.1007/s13174-011-0021-3","Valérie IssarnyNikolaos GeorgantasSara HachemApostolos ZarrasPanos VassiliadistMarco AutiliMarco Aurélio GerosaAmira Ben Hamida","2011","http://rd.springer.com/article/10.1007/s13174-011-0021-3","Article"
"UML Extensions for Service-Oriented Systems","Rigorous Software Engineering for Service-Oriented Systems","","","","10.1007/978-3-642-20401-2_4","Howard FosterLászló GönczyNora KochPhilip MayerCarlo MontangeroDániel Varró","2011","http://rd.springer.com/chapter/10.1007/978-3-642-20401-2_4","Chapter"
"A Mobility Service Based on Japanese Linked Data","Knowledge-Based and Intelligent Information and Engineering Systems","","","","10.1007/978-3-642-23854-3_26","Chie IijimaTakeshi MoritaYoshitaro EnomotoTakahira Yamaguchi","2011","http://rd.springer.com/chapter/10.1007/978-3-642-23854-3_26","Chapter"
"The PLASTIC Framework and Tools for Testing Service-Oriented Applications","Software Engineering","","","","10.1007/978-3-540-95888-8_5","Antonia BertolinoGuglielmo De AngelisLars FrantzenAndrea Polini","2009","http://rd.springer.com/chapter/10.1007/978-3-540-95888-8_5","Chapter"
"IoT and Service Oriented Infrastructures for Flight 4.0","Advances in Aeronautical Informatics","","","","10.1007/978-3-319-75058-3_4","Christos P. AntonopoulosKonstantinos AntonopoulosNikolaos S. Voros","2018","http://rd.springer.com/chapter/10.1007/978-3-319-75058-3_4","Chapter"
"Designing and Adapting Service-based Systems: A Service Discovery Framework","Service Engineering","","","","10.1007/978-3-7091-0415-6_10","George SpanoudakisAndrea Zisman","2011","http://rd.springer.com/chapter/10.1007/978-3-7091-0415-6_10","Chapter"
"Management of service-oriented systems","Service Oriented Computing and Applications","","2","2 - 3","10.1007/s11761-008-0028-1","Dong LiuRalph Deters","2008","http://rd.springer.com/article/10.1007/s11761-008-0028-1","Article"
"Service-Oriented Ontology and Its Evolution","Advances in Grid and Pervasive Computing","","","","10.1007/978-3-642-30767-6_10","Weisen PanShizhan ChenZhiyong Feng","2012","http://rd.springer.com/chapter/10.1007/978-3-642-30767-6_10","Chapter"
"Reference Architectural Styles for Service-Oriented Computing","Network and Parallel Computing","","","","10.1007/978-3-540-74784-0_57","Tharam S. DillonChen WuElizabeth Chang","2007","http://rd.springer.com/chapter/10.1007/978-3-540-74784-0_57","Chapter"
"Rationality of Service Composition of Workflow Net in a Service Oriented Architecture","Service Science and Knowledge Innovation","","","","10.1007/978-3-642-55355-4_16","Guangqi HuangLi HuangXiuxiu ChenLily Sun","2014","http://rd.springer.com/chapter/10.1007/978-3-642-55355-4_16","Chapter"
"Sensoria – Software Engineering for Service-Oriented Overlay Computers","Rigorous Software Engineering for Service-Oriented Systems","","","","10.1007/978-3-642-20401-2_1","Martin WirsingMatthias HölzlNora KochPhilip Mayer","2011","http://rd.springer.com/chapter/10.1007/978-3-642-20401-2_1","Chapter"
"intelliGOV – Compliance Verification of Service-Oriented Architectures with Ontologies and Semantic Rules and Queries","Database and Expert Systems Applications","","","","10.1007/978-3-319-10073-9_34","Haroldo Maria Teixeira FilhoLeonardo Guerreiro AzevedoSean Siqueira","2014","http://rd.springer.com/chapter/10.1007/978-3-319-10073-9_34","Chapter"
"Service Oriented Middleware for the Internet of Things: A Perspective","Towards a Service-Based Internet","","","","10.1007/978-3-642-24755-2_21","Thiago TeixeiraSara HachemValérie IssarnyNikolaos Georgantas","2011","http://rd.springer.com/chapter/10.1007/978-3-642-24755-2_21","Chapter"
"Architecture Views Illustrating the Service Automation Aspect of SOA","Service Research Challenges and Solutions for the Future Internet","","","","10.1007/978-3-642-17599-2_9","Qing GuFélix CuadradoPatricia LagoJuan C. Duenãs","2010","http://rd.springer.com/chapter/10.1007/978-3-642-17599-2_9","Chapter"
"Next generation remote critical care through service-oriented architectures: challenges and opportunities","Service Oriented Computing and Applications","","4","1","10.1007/s11761-010-0053-8","Carolyn McGregorJ. Mikael Eklund","2010","http://rd.springer.com/article/10.1007/s11761-010-0053-8","Article"
"A Change Analysis Tool for Service-Based Business Processes","Web Information System Engineering – WISE 2011","","","","10.1007/978-3-642-24434-6_32","Yi WangJian YangWeiliang Zhao","2011","http://rd.springer.com/chapter/10.1007/978-3-642-24434-6_32","Chapter"
"Design and implementation of a service oriented architecture for peer-assisted video-on-demand","Service Oriented Computing and Applications","","3","4","10.1007/s11761-009-0049-4","Zhenghua FuChao LiangJun-Jang JengHui Lei","2009","http://rd.springer.com/article/10.1007/s11761-009-0049-4","Article"
"A modelling approach to Service oriented Architecture for on-line diagnosis","Service Oriented Computing and Applications","","6","4","10.1007/s11761-012-0118-y","Mohammed AlodibBehzad Bordbar","2012","http://rd.springer.com/article/10.1007/s11761-012-0118-y","Article"
"Runtime Exceptions Handling for Collaborative SOA Applications","Collaborate Computing: Networking, Applications and Worksharing","","","","10.1007/978-3-319-59288-6_23","Bin WenZiqiang LuoSong Lin","2017","http://rd.springer.com/chapter/10.1007/978-3-319-59288-6_23","Chapter"
"Toward a Methodological Knowledge for Service-Oriented Development Based on OPEN Meta-Model","Software Engineering and Computer Systems","","","","10.1007/978-3-642-22203-0_54","Mahdi FahmidehFereidoon ShamsPooyan Jamshidi","2011","http://rd.springer.com/chapter/10.1007/978-3-642-22203-0_54","Chapter"
"MUSIC: Middleware Support for Self-Adaptation in Ubiquitous and Service-Oriented Environments","Software Engineering for Self-Adaptive Systems","","","","10.1007/978-3-642-02161-9_9","Romain RouvoyPaolo BaroneYun DingFrank EliassenSvein HallsteinsenJorge LorenzoAlessandro MamelliUlrich Scholz","2009","http://rd.springer.com/chapter/10.1007/978-3-642-02161-9_9","Chapter"
"A Reference Architecture for Self-organizing Service-Oriented Computing","Architecture of Computing Systems – ARCS 2008","","","","10.1007/978-3-540-78153-0_16","Lei LiuStefan ThanheiserHartmut Schmeck","2008","http://rd.springer.com/chapter/10.1007/978-3-540-78153-0_16","Chapter"
"Challenges and Opportunities for Formal Specifications in Service Oriented Architectures","Applications and Theory of Petri Nets","","","","10.1007/978-3-540-68746-7_1","Gustavo Alonso","2008","http://rd.springer.com/chapter/10.1007/978-3-540-68746-7_1","Chapter"
"Quantitative evaluation of model consistency evolution in compositional service-oriented simulation using a connected hyper-digraph","Journal of Zhejiang University SCIENCE C","","15","1","10.1631/jzus.C1300089","Lin-jun FanYun-xiang LingXing-tao ZhangJun Tang","2014","http://rd.springer.com/article/10.1631/jzus.C1300089","Article"
"Service-Oriented Architectures Testing: A Survey","Software Engineering","","","","10.1007/978-3-540-95888-8_4","Gerardo CanforaMassimiliano Di Penta","2009","http://rd.springer.com/chapter/10.1007/978-3-540-95888-8_4","Chapter"
"Building measure-based prediction models for UML class diagram maintainability","Empirical Software Engineering","","12","5","10.1007/s10664-007-9038-4","Marcela GeneroEsperanza MansoAaron VisaggioGerardo CanforaMario Piattini","2007","http://rd.springer.com/article/10.1007/s10664-007-9038-4","Article"
"Web Service-Based Enterprise Data Service Center for Exchanging Common Data of Enterprise","Advanced Research on Computer Education, Simulation and Modeling","","","","10.1007/978-3-642-21802-6_31","WenLin PanTieHu TangChangHua Qiu","2011","http://rd.springer.com/chapter/10.1007/978-3-642-21802-6_31","Chapter"
"An Integrated Approach for Creating Service-Based Interactive Applications","Human-Computer Interaction – INTERACT 2009","","","","10.1007/978-3-642-03658-3_105","Marius FeldmannJordan JaneiroTobias NestlerGerald HübschUwe JugelAndré PreussnerAlexander Schill","2009","http://rd.springer.com/chapter/10.1007/978-3-642-03658-3_105","Chapter"
"Incorporating Model-Driven Techniques into Requirements Engineering for the Service-Oriented Development Process","Engineering Methods in the Service-Oriented Context","","","","10.1007/978-3-642-19997-4_11","Grzegorz LoniewskiAusias ArmestoEmilio Insfran","2011","http://rd.springer.com/chapter/10.1007/978-3-642-19997-4_11","Chapter"
"Model based verification of dynamically evolvable service oriented systems","Science China Information Sciences","","59","3","10.1007/s11432-015-5332-8","Yu ZhouJidong GePengcheng ZhangWeigang Wu","2016","http://rd.springer.com/article/10.1007/s11432-015-5332-8","Article"
"Towards Self-adaptation Planning for Complex Service-Based Systems","Service-Oriented Computing – ICSOC 2013 Workshops","","","","10.1007/978-3-319-06859-6_38","Azlan IsmailValeria Cardellini","2014","http://rd.springer.com/chapter/10.1007/978-3-319-06859-6_38","Chapter"
"A Service-Based Architecture for Multi-domain Search on the Web","Service-Oriented Computing","","","","10.1007/978-3-642-17358-5_53","Alessandro BozzonMarco BrambillaFrancesco CorcoglionitiSalvatore Vadacca","2010","http://rd.springer.com/chapter/10.1007/978-3-642-17358-5_53","Chapter"
"Cross-Layer Adaptation and Monitoring of Service-Based Applications","Service-Oriented Computing. ICSOC/ServiceWave 2009 Workshops","","","","10.1007/978-3-642-16132-2_31","Raman KazhamiakinMarco PistoreAsli Zengin","2010","http://rd.springer.com/chapter/10.1007/978-3-642-16132-2_31","Chapter"
"A Development Framework Enabling the Design of Service-Based Cloud Applications","Advances in Service-Oriented and Cloud Computing","","","","10.1007/978-3-319-14886-1_14","Fotis GonidisIraklis ParaskakisAnthony J. H. Simons","2015","http://rd.springer.com/chapter/10.1007/978-3-319-14886-1_14","Chapter"
"A Framework for Proactive Self-adaptation of Service-Based Applications Based on Online Testing","Towards a Service-Based Internet","","","","10.1007/978-3-540-89897-9_11","Julia HielscherRaman KazhamiakinAndreas MetzgerMarco Pistore","2008","http://rd.springer.com/chapter/10.1007/978-3-540-89897-9_11","Chapter"
"A declarative two-level framework to specify and verify workflow and authorization policies in service-oriented architectures","Service Oriented Computing and Applications","","5","2","10.1007/s11761-010-0073-4","Michele BarlettaSilvio RaniseLuca Viganò","2011","http://rd.springer.com/article/10.1007/s11761-010-0073-4","Article"
"Representing Service-Oriented Architectural Models Using π-ADL","Software Architecture","","","","10.1007/978-3-540-88030-1_21","Marcos López-SanzZawar QayyumCarlos E. CuestaEsperanza MarcosFlavio Oquendo","2008","http://rd.springer.com/chapter/10.1007/978-3-540-88030-1_21","Chapter"
"SEF-SCC: Software Engineering Framework for Service and Cloud Computing","Fog Computing","","","","10.1007/978-3-319-94890-4_11","Muthu Ramachandran","2018","http://rd.springer.com/chapter/10.1007/978-3-319-94890-4_11","Chapter"
"Transition to Service-Oriented Enterprise Architecture","Software Architecture","","","","10.1007/978-3-540-88030-1_34","Martin AssmannGregor Engels","2008","http://rd.springer.com/chapter/10.1007/978-3-540-88030-1_34","Chapter"
"Application of SOA in Safety-Critical Embedded Systems","Convergence and Hybrid Information Technology","","","","10.1007/978-3-642-24106-2_45","Douglas RodriguesRayner de Melo PiresJúlio Cézar EstrellaMarco VieiraMário CorrêaJoão Batista Camargo JúniorKalinka Regina Lucas Jaquie Castelo BrancoOnofre Trindade Júnior","2011","http://rd.springer.com/chapter/10.1007/978-3-642-24106-2_45","Chapter"
"A view on service-oriented architecture","Service Oriented Computing and Applications","","1","2","10.1007/s11761-007-0011-2","Jen-Yao ChungKuo-Ming Chao","2007","http://rd.springer.com/article/10.1007/s11761-007-0011-2","Article"
"Business Service Management in a Service Oriented, Virtualized World","Systems and Virtualization Management. Standards and New Technologies","","","","10.1007/978-3-540-88708-9_9","Vincent Kowalski","2008","http://rd.springer.com/chapter/10.1007/978-3-540-88708-9_9","Chapter"
"Software Product Line Engineering to Develop Variant-Rich Web Services","Web Services Foundations","","","","10.1007/978-1-4614-7518-7_21","Bardia MohabbatiMohsen AsadiDragan GaševićJaejoon Lee","2014","http://rd.springer.com/chapter/10.1007/978-1-4614-7518-7_21","Chapter"
"A Service Oriented Architecture-based Approach for Interdomain Optical Network Services","Journal of Network and Systems Management","","15","2","10.1007/s10922-007-9060-2","Fábio L. VerdiMaurício F. MagalhãesEleri CardozoEdmundo R. M. MadeiraAnnikki Welin","2007","http://rd.springer.com/article/10.1007/s10922-007-9060-2","Article"
"Domain-Specific Multi-modeling of Security Concerns in Service-Oriented Architectures","Web Services and Formal Methods","","","","10.1007/978-3-642-29834-9_10","Juan Pedro Silva GallinoMiguel de MiguelJavier F. BrionesAlejandro Alonso","2012","http://rd.springer.com/chapter/10.1007/978-3-642-29834-9_10","Chapter"
"Service Oriented Architecture Pitfalls","SOFSEM 2009: Theory and Practice of Computer Science","","","","10.1007/978-3-540-95891-8_6","Radovan Janeček","2009","http://rd.springer.com/chapter/10.1007/978-3-540-95891-8_6","Chapter"
"Framework for Maintainability Measurement of Web Application for Efficient Knowledge-Sharing on Campus Intranet","Computational Science and Its Applications – ICCSA 2014","","","","10.1007/978-3-319-09156-3_45","Sanjay MisraFidel Egoeze","2014","http://rd.springer.com/chapter/10.1007/978-3-319-09156-3_45","Chapter"
"Implementing Mobility Service Based on Japanese Linked Data","Semantic Technology","","","","10.1007/978-3-319-06826-8_5","Wataru OkawaraTakeshi MoritaTakahira Yamaguchi","2014","http://rd.springer.com/chapter/10.1007/978-3-319-06826-8_5","Chapter"
"Service-Based Semantic Collaboration in Networked Systems: A Conceptual Perspective","The Evolution of Conceptual Modeling","","","","10.1007/978-3-642-17505-3_8","Devis BianchiniValeria De AntonellisMichele Melchiori","2011","http://rd.springer.com/chapter/10.1007/978-3-642-17505-3_8","Chapter"
"A Taxonomy of Service Engineering Stakeholder Types","Towards a Service-Based Internet","","","","10.1007/978-3-642-24755-2_20","Qing GuMichael ParkinPatricia Lago","2011","http://rd.springer.com/chapter/10.1007/978-3-642-24755-2_20","Chapter"
"A Multi-layer Anomaly Detector for Dynamic Service-Based Systems","Computer Safety, Reliability, and Security","","","","10.1007/978-3-319-24255-2_13","Andrea CeccarelliTommaso ZoppiMassimiliano ItriaAndrea Bondavalli","2015","http://rd.springer.com/chapter/10.1007/978-3-319-24255-2_13","Chapter"
"Semantic Web Services for Satisfying SOA Requirements","Advances in Web Semantics I","","","","10.1007/978-3-540-89784-2_15","Sami BhiriWalid GaaloulMohsen RouachedManfred Hauswirth","2009","http://rd.springer.com/chapter/10.1007/978-3-540-89784-2_15","Chapter"
"The Case for Microservices","Microservices for the Enterprise","","","","10.1007/978-1-4842-3858-5_1","Kasun IndrasiriPrabath Siriwardena","2018","http://rd.springer.com/chapter/10.1007/978-1-4842-3858-5_1","Chapter"
"Variability in Service-Oriented Systems: An Analysis of Existing Approaches","Service-Oriented Computing","","","","10.1007/978-3-642-34321-6_35","Holger EichelbergerChristian KröherKlaus Schmid","2012","http://rd.springer.com/chapter/10.1007/978-3-642-34321-6_35","Chapter"
"Cambuci: A Service-Oriented Reference Architecture for Software Asset Repositories","Information Technology - New Generations","","","","10.1007/978-3-319-54978-1_74","Márcio OsshiroElisa Y. NakagawaDébora M. B. PaivaGeraldo LandreEdilson PalmaMaria Istela Cagnin","2018","http://rd.springer.com/chapter/10.1007/978-3-319-54978-1_74","Chapter"
"Linear Evolution of Domain Architecture in Service-Oriented Software Product Lines","Fundamentals of Software Engineering","","","","10.1007/978-3-319-24644-4_19","Sedigheh KhoshnevisFereidoon Shams","2015","http://rd.springer.com/chapter/10.1007/978-3-319-24644-4_19","Chapter"
"A Model for Dynamic Reconfiguration in Service-Oriented Architectures","Software Architecture","","","","10.1007/978-3-642-15114-9_8","José Luiz FiadeiroAntónia Lopes","2010","http://rd.springer.com/chapter/10.1007/978-3-642-15114-9_8","Chapter"
"Measuring Software Systems","Software Measurement","","","","10.1007/978-3-540-71649-5_10","Christof EbertReiner Dumke","2007","http://rd.springer.com/chapter/10.1007/978-3-540-71649-5_10","Chapter"
"Service-Oriented Business Consulting Methodology","Services Computing","","","","10.1007/978-3-540-38284-3_15","","2007","http://rd.springer.com/chapter/10.1007/978-3-540-38284-3_15","Chapter"
"Runtime Behavior Monitoring and Self-Adaptation in Service-Oriented Systems","Socially Enhanced Services Computing","","","","10.1007/978-3-7091-0813-0_6","Harald PsaierLukasz JuszczykFlorian SkopikDaniel SchallSchahram Dustdar","2011","http://rd.springer.com/chapter/10.1007/978-3-7091-0813-0_6","Chapter"
"A Systematic Literature Review on Service Description Methods","Requirements Engineering: Foundation for Software Quality","","","","10.1007/978-3-642-28714-5_22","Abelneh Y. TekaNelly Condori-FernandezBrahmananda Sapkota","2012","http://rd.springer.com/chapter/10.1007/978-3-642-28714-5_22","Chapter"
"ATLAS: A World-Wide Travel Assistant Exploiting Service-Based Adaptive Technologies","Service-Oriented Computing","","","","10.1007/978-3-319-69035-3_41","Antonio BucchiaroneMartina De SanctisAnnapaola Marconi","2017","http://rd.springer.com/chapter/10.1007/978-3-319-69035-3_41","Chapter"
"Specifying Modernization into Service-Oriented SaaS System in a Case of Public Transport Document Generator","Exploring Services Science","","","","10.1007/978-3-319-32689-4_45","Muhammad Ghufron MahfudhiTeresa Galvão Dias","2016","http://rd.springer.com/chapter/10.1007/978-3-319-32689-4_45","Chapter"
"Architecture of service-oriented applications","Automatic Documentation and Mathematical Linguistics","","41","6","10.3103/S0005105507060039","M. S. Ivanov","2007","http://rd.springer.com/article/10.3103/S0005105507060039","Article"
"Evolution of Web Systems","Evolving Software Systems","","","","10.1007/978-3-642-45398-4_7","Holger M. KienleDamiano Distante","2014","http://rd.springer.com/chapter/10.1007/978-3-642-45398-4_7","Chapter"
"A user centric service-oriented modeling approach","World Wide Web","","14","4","10.1007/s11280-011-0115-7","Ding-Yuan ChengKuo-Ming ChaoChi-Chun LoChen-Fang Tsai","2011","http://rd.springer.com/article/10.1007/s11280-011-0115-7","Article"
"VRESCo – Vienna Runtime Environment for Service-oriented Computing","Service Engineering","","","","10.1007/978-3-7091-0415-6_11","Waldemar HummerPhilipp LeitnerAnton MichlmayrFlorian RosenbergSchahram Dustdar","2011","http://rd.springer.com/chapter/10.1007/978-3-7091-0415-6_11","Chapter"
"Event-Driven Actors for Supporting Flexibility and Scalability in Service-Based Integration Architecture","On the Move to Meaningful Internet Systems: OTM 2012","","","","10.1007/978-3-642-33606-5_11","Huy TranUwe Zdun","2012","http://rd.springer.com/chapter/10.1007/978-3-642-33606-5_11","Chapter"
"Designing, formalizing, and evaluating a flexible architecture for integrated service delivery: combining event-driven and service-oriented architectures","Service Oriented Computing and Applications","","6","3","10.1007/s11761-011-0100-0","Sietse OverbeekMarijn JanssenPatrick van Bommel","2012","http://rd.springer.com/article/10.1007/s11761-011-0100-0","Article"
"Springer computing special issue: adaptation in service-oriented and Cloud Computing","Computing","","95","6","10.1007/s00607-013-0319-z","Dimka Karastoyanova","2013","http://rd.springer.com/article/10.1007/s00607-013-0319-z","Article"
"Service Oriented Requirements Engineering: Practitioner’s Perspective","Service-Oriented Computing - ICSOC 2012 Workshops","","","","10.1007/978-3-642-37804-1_38","Muneera Bano SahibzadaDidar Zowghi","2013","http://rd.springer.com/chapter/10.1007/978-3-642-37804-1_38","Chapter"
"Usage Control in Service-Oriented Architectures","Trust, Privacy and Security in Digital Business","","","","10.1007/978-3-540-74409-2_11","Alexander PretschnerFabio MassacciManuel Hilty","2007","http://rd.springer.com/chapter/10.1007/978-3-540-74409-2_11","Chapter"
"What Is a Microservice?","Microservices, IoT, and Azure","","","","10.1007/978-1-4842-1275-2_2","Bob Familiar","2015","http://rd.springer.com/chapter/10.1007/978-1-4842-1275-2_2","Chapter"
"SONoMA: A Service Oriented Network Measurement Architecture","Testbeds and Research Infrastructure. Development of Networks and Communities","","","","10.1007/978-3-642-29273-6_3","Béla HullárSándor LakiJózsef StégerIstván CsabaiGábor Vattay","2012","http://rd.springer.com/chapter/10.1007/978-3-642-29273-6_3","Chapter"
"A Unified RGPS-Based Approach Supporting Service-Oriented Process Customization","Web Services Foundations","","","","10.1007/978-1-4614-7518-7_26","Jian WangZaiwen FengJia ZhangPatrick C. K. HungKeqing HeLiang-Jie Zhang","2014","http://rd.springer.com/chapter/10.1007/978-1-4614-7518-7_26","Chapter"
"Dynamic System Reconfiguration Via Service Composition for Dependable Computing","Reliable Systems on Unreliable Networked Platforms","","","","10.1007/978-3-540-71156-8_11","W. T. TsaiWeiwei SongYinong ChenRay Paul","2007","http://rd.springer.com/chapter/10.1007/978-3-540-71156-8_11","Chapter"
"Information Superiority","Network-Centric Service-Oriented Enterprise","","","","10.1007/978-1-4020-6456-2_1","","2007","http://rd.springer.com/chapter/10.1007/978-1-4020-6456-2_1","Chapter"
"An xADL Extension for Managing Dynamic Deployment in Distributed Service Oriented Architectures","Fundamentals of Software Engineering","","","","10.1007/978-3-642-11623-0_27","Mohamed Nadhmi MiladiIkbel KrichenMohamed JmaielKhalil Drira","2010","http://rd.springer.com/chapter/10.1007/978-3-642-11623-0_27","Chapter"
"Evolution support in heterogeneous service-oriented landscapes","Journal of the Brazilian Computer Society","","16","1","10.1007/s13173-010-0004-4","Tiziana MargariaBernhard SteffenChristian Kubczak","2010","http://rd.springer.com/article/10.1007/s13173-010-0004-4","Article"
"Decentralized Dynamic Adaptation for Service-Based Collective Adaptive Systems","Service-Oriented Computing – ICSOC 2016 Workshops","","","","10.1007/978-3-319-68136-8_1","Antonio BucchiaroneMartina De SanctisAnnapaola Marconi","2017","http://rd.springer.com/chapter/10.1007/978-3-319-68136-8_1","Chapter"
"RoboSeT: A Tool to Support Cataloging and Discovery of Services for Service-Oriented Robotic Systems","Robotics","","","","10.1007/978-3-662-48134-9_7","Lucas Bueno Ruas OliveiraFelipe Augusto AmaralDiogo B. MartinsFlavio OquendoElisa Yumi Nakagawa","2015","http://rd.springer.com/chapter/10.1007/978-3-662-48134-9_7","Chapter"
"Microservices: How To Make Your Application Scale","Perspectives of System Informatics","","","","10.1007/978-3-319-74313-4_8","Nicola DragoniIvan LaneseStephan Thordal LarsenManuel MazzaraRuslan MustafinLarisa Safina","2018","http://rd.springer.com/chapter/10.1007/978-3-319-74313-4_8","Chapter"
"Service Design Process for Reusable Services: Financial Services Case Study","Service-Oriented Computing – ICSOC 2007","","","","10.1007/978-3-540-74974-5_56","Abdelkarim ErradiNaveen KulkarniPiyush Maheshwari","2007","http://rd.springer.com/chapter/10.1007/978-3-540-74974-5_56","Chapter"
"The S-Cube Research Vision","Service Research Challenges and Solutions for the Future Internet","","","","10.1007/978-3-642-17599-2_1","Mike PapazoglouKlaus PohlAndreas MetzgerWillem-Jan van den Heuvel","2010","http://rd.springer.com/chapter/10.1007/978-3-642-17599-2_1","Chapter"
"Performance and reliability prediction for evolving service-oriented software systems","Empirical Software Engineering","","18","4","10.1007/s10664-012-9213-0","Heiko KoziolekBastian SchlichSteffen BeckerMichael Hauck","2013","http://rd.springer.com/article/10.1007/s10664-012-9213-0","Article"
"SMART: Application of a Method for Migration of Legacy Systems to SOA Environments","Service-Oriented Computing – ICSOC 2008","","","","10.1007/978-3-540-89652-4_60","Sriram BalasubramaniamGrace A. LewisEd MorrisSoumya SimantaDennis Smith","2008","http://rd.springer.com/chapter/10.1007/978-3-540-89652-4_60","Chapter"
"Run-Time Monitoring in Service-Oriented Architectures","Test and Analysis of Web Services","","","","10.1007/978-3-540-72912-9_9","Carlo GhezziSam Guinea","2007","http://rd.springer.com/chapter/10.1007/978-3-540-72912-9_9","Chapter"
"Introduction","Agent-Based Service-Oriented Computing","","","","10.1007/978-1-84996-041-0_1","Kuo-Ming ChaoNathan Griffiths","2010","http://rd.springer.com/chapter/10.1007/978-1-84996-041-0_1","Chapter"
"A Service-oriented Shop Floor to Support Collaboration in Manufacturing Networks","Artificial Intelligence Techniques for Networked Manufacturing Enterprises Management","","","","10.1007/978-1-84996-119-6_16","J. BarataL. RibeiroA.-W. Colombo","2010","http://rd.springer.com/chapter/10.1007/978-1-84996-119-6_16","Chapter"
"Service Oriented Architecture for Governing Engineering Colleges","Global Trends in Computing and Communication Systems","","","","10.1007/978-3-642-29219-4_16","Neelavathi SuryamurthyVivekanandan Kalimuthu","2012","http://rd.springer.com/chapter/10.1007/978-3-642-29219-4_16","Chapter"
"Service Based Development of a Cross Domain Reference Architecture","Evaluation of Novel Approaches to Software Engineering","","","","10.1007/978-3-642-14819-4_22","Liliana DobricaEila Ovaska","2010","http://rd.springer.com/chapter/10.1007/978-3-642-14819-4_22","Chapter"
"Function-Splitting Heuristics for Discovery of Microservices in Enterprise Systems","Service-Oriented Computing","","","","10.1007/978-3-030-03596-9_3","Adambarage Anuruddha Chathuranga De AlwisAlistair BarrosArtem PolyvyanyyColin Fidge","2018","http://rd.springer.com/chapter/10.1007/978-3-030-03596-9_3","Chapter"
"A Redundancy Protocol for Service-Oriented Architectures","Service-Oriented Computing – ICSOC 2008 Workshops","","","","10.1007/978-3-642-01247-1_22","Nicholas R. May","2009","http://rd.springer.com/chapter/10.1007/978-3-642-01247-1_22","Chapter"
"A Service-Oriented Architecture Implementation in the Digital Factory of the University","Industrial Applications of Holonic and Multi-Agent Systems","","","","10.1007/978-3-319-22867-9_7","Jeffrey WermannEduardo Cardoso MoraesArmando Walter Colombo","2015","http://rd.springer.com/chapter/10.1007/978-3-319-22867-9_7","Chapter"
"XML Based Integration of Web, Mobile and Desktop Components in a Service Oriented Architecture","International Symposium on Distributed Computing and Artificial Intelligence 2008 (DCAI 2008)","","","","10.1007/978-3-540-85863-8_67","Antonio Lillo SanzMaría N. Moreno GarcíaVivian F. López Batista","2009","http://rd.springer.com/chapter/10.1007/978-3-540-85863-8_67","Chapter"
"Efficient Security Policy Reconciliation in Tactical Service Oriented Architectures","Future Network Systems and Security","","","","10.1007/978-3-319-48021-3_4","Vasileios GkioulosStephen D. Wolthusen","2016","http://rd.springer.com/chapter/10.1007/978-3-319-48021-3_4","Chapter"
"Research of Event-Driven Enterprise Application Integration Base on Service Oriented Architecture","Applied Informatics and Communication","","","","10.1007/978-3-642-23214-5_5","Wei LuYanfen Liu","2011","http://rd.springer.com/chapter/10.1007/978-3-642-23214-5_5","Chapter"
"On Applying FMEA to SOAs: A Proposal and Open Challenges","Software Engineering for Resilient Systems","","","","10.1007/978-3-319-12241-0_7","Cristiana AreiasNuno AntunesJoão Carlos Cunha","2014","http://rd.springer.com/chapter/10.1007/978-3-319-12241-0_7","Chapter"
"A Negotiation Framework for Service-Oriented Product Line Development","Formal Foundations of Reuse and Domain Engineering","","","","10.1007/978-3-642-04211-9_26","Jaejoon LeeGerald KotonyaDaniel Robinson","2009","http://rd.springer.com/chapter/10.1007/978-3-642-04211-9_26","Chapter"
"Towards Correctness Assurance in Adaptive Service-Based Applications","Towards a Service-Based Internet","","","","10.1007/978-3-540-89897-9_3","Raman KazhamiakinAndreas MetzgerMarco Pistore","2008","http://rd.springer.com/chapter/10.1007/978-3-540-89897-9_3","Chapter"
"Microservices in a Small Development Organization","Software Architecture","","","","10.1007/978-3-319-65831-5_15","Georg BuchgeherMario WintererRainer WeinreichJohannes LugerRoland WingelhoferMario Aistleitner","2017","http://rd.springer.com/chapter/10.1007/978-3-319-65831-5_15","Chapter"
"Towards Dynamic Reconfiguration for QoS Consistent Services Based Applications","Service-Oriented Computing","","","","10.1007/978-3-642-34321-6_61","Yuyu YinYing Li","2012","http://rd.springer.com/chapter/10.1007/978-3-642-34321-6_61","Chapter"
"A model for dynamic reconfiguration in service-oriented architectures","Software & Systems Modeling","","12","2","10.1007/s10270-012-0236-1","José Luiz FiadeiroAntónia Lopes","2013","http://rd.springer.com/article/10.1007/s10270-012-0236-1","Article"
"Towards a Taxonomy of Microservices Architectures","Software Engineering and Formal Methods","","","","10.1007/978-3-319-74781-1_15","Martin Garriga","2018","http://rd.springer.com/chapter/10.1007/978-3-319-74781-1_15","Chapter"
"SCA and jABC: Bringing a Service-Oriented Paradigm to Web-Service Construction","Leveraging Applications of Formal Methods, Verification and Validation","","","","10.1007/978-3-540-88479-8_11","Georg JungTiziana MargariaRalf NagelWolfgang SchubertBernhard SteffenHorst Voigt","2008","http://rd.springer.com/chapter/10.1007/978-3-540-88479-8_11","Chapter"
"Pattern-based e-service modelling for virtual service enterprises","Service Oriented Computing and Applications","","3","1","10.1007/s11761-009-0039-6","Christian ZirpinsWolfgang Emmerich","2009","http://rd.springer.com/article/10.1007/s11761-009-0039-6","Article"
"Modeling and Mining of Dynamic Trust in Complex Service-Oriented Systems","Socially Enhanced Services Computing","","","","10.1007/978-3-7091-0813-0_3","Florian SkopikDaniel SchallSchahram Dustdar","2011","http://rd.springer.com/chapter/10.1007/978-3-7091-0813-0_3","Chapter"
"Third International Workshop on Engineering Service-Oriented Applications: Analysis, Design & Composition","Service-Oriented Computing - ICSOC 2007 Workshops","","","","10.1007/978-3-540-93851-4_33","George FeuerlichtChristian ZirpinsGuadalupe OrtizYen-Jao ChungWinfried LamersdorfWolfgang Emmerich","2009","http://rd.springer.com/chapter/10.1007/978-3-540-93851-4_33","Chapter"
"Designing an SOA for P2P On-Demand Video Delivery","High Assurance Services Computing","","","","10.1007/978-0-387-87658-0_13","Zhenghua FuJun-Jang JengHui LeiChao Liang","2009","http://rd.springer.com/chapter/10.1007/978-0-387-87658-0_13","Chapter"
"DeMOCAS: Domain Objects for Service-Based Collective Adaptive Systems","Service-Oriented Computing – ICSOC 2016 Workshops","","","","10.1007/978-3-319-68136-8_19","Antonio BucchiaroneMartina De SanctisAnnapaola MarconiAlberto Martinelli","2017","http://rd.springer.com/chapter/10.1007/978-3-319-68136-8_19","Chapter"
"Exploring Optimal Service Compositions in Highly Heterogeneous and Dynamic Service-Based Systems","Search Based Software Engineering","","","","10.1007/978-3-642-39742-4_30","Dionysios EfstathiouPeter McBurneySteffen ZschalerJohann Bourcier","2013","http://rd.springer.com/chapter/10.1007/978-3-642-39742-4_30","Chapter"
"A Requirements-Based Model for Effort Estimation in Service-Oriented Systems","Service-Oriented Computing – ICSOC 2013 Workshops","","","","10.1007/978-3-319-06859-6_8","Bertrand VerlaineIvan J. JuretaStéphane Faulkner","2014","http://rd.springer.com/chapter/10.1007/978-3-319-06859-6_8","Chapter"
